id,check_time,instance_type,vcpus,sustained_clock_speed_ghz,memory_mib,gpus,on_demand_hibernation_support,burstable_performance_support,current_generation,interruption_rate
1,'03/26/2020 08:37',t2.medium,2,2.3,4096,0,TRUE,TRUE,TRUE,unlikely
2,'03/26/2020 08:37',t2.micro,1,2.5,1024,0,TRUE,TRUE,TRUE,unlikely
3,'03/26/2020 08:37',t2.small,1,2.5,2048,0,TRUE,TRUE,TRUE,unlikely
4,'03/26/2020 08:37',a1.metal,16,2.3,32768,0,FALSE,FALSE,TRUE,unlikely
5,'03/26/2020 08:37',c5d.metal,96,3.6,196608,0,FALSE,FALSE,TRUE,unlikely
6,'03/26/2020 08:37',c5d.metal,96,3.6,196608,0,FALSE,FALSE,TRUE,unlikely
7,'03/26/2020 08:37',c5n.metal,72,3.4,196608,0,FALSE,FALSE,TRUE,unlikely
8,'03/26/2020 08:37',c5n.metal,72,3.4,196608,0,FALSE,FALSE,TRUE,unlikely
9,'03/26/2020 08:37',c4.4xlarge,16,2.9,30720,0,TRUE,FALSE,TRUE,unlikely
10,'03/26/2020 08:37',c4.4xlarge,16,2.9,30720,0,TRUE,FALSE,TRUE,unlikely
11,'03/26/2020 08:37',c5.4xlarge,16,3.4,32768,0,TRUE,FALSE,TRUE,unlikely
12,'03/26/2020 08:37',m4.4xlarge,16,2.4,65536,0,TRUE,FALSE,TRUE,unlikely
13,'03/26/2020 08:37',m5.4xlarge,16,3.1,65536,0,TRUE,FALSE,TRUE,unlikely
14,'03/26/2020 08:37',m5.4xlarge,16,3.1,65536,0,TRUE,FALSE,TRUE,unlikely
15,'03/26/2020 08:37',m5dn.4xlarge,16,3.1,65536,0,FALSE,FALSE,TRUE,unlikely
16,'03/26/2020 08:37',m5dn.4xlarge,16,3.1,65536,0,FALSE,FALSE,TRUE,unlikely
17,'03/26/2020 08:37',r4.4xlarge,16,2.3,124928,0,TRUE,FALSE,TRUE,unlikely
18,'03/26/2020 08:37',r4.4xlarge,16,2.3,124928,0,TRUE,FALSE,TRUE,unlikely
19,'03/26/2020 08:37',r5.4xlarge,16,3.1,131072,0,TRUE,FALSE,TRUE,unlikely
20,'03/26/2020 08:37',r5dn.4xlarge,16,3.1,131072,0,FALSE,FALSE,TRUE,unlikely
21,'03/26/2020 08:37',r5dn.4xlarge,16,3.1,131072,0,FALSE,FALSE,TRUE,unlikely
22,'03/26/2020 08:37',r5n.4xlarge,16,3.1,131072,0,FALSE,FALSE,TRUE,unlikely
23,'03/26/2020 08:37',r5n.4xlarge,16,3.1,131072,0,FALSE,FALSE,TRUE,unlikely
24,'03/26/2020 08:37',m5.8xlarge,32,3.1,131072,0,TRUE,FALSE,TRUE,unlikely
25,'03/26/2020 08:37',m5a.8xlarge,32,2.5,131072,0,FALSE,FALSE,TRUE,unlikely
26,'03/26/2020 08:37',m5ad.8xlarge,32,2.5,131072,0,FALSE,FALSE,TRUE,unlikely
27,'03/26/2020 08:37',m5ad.8xlarge,32,2.5,131072,0,FALSE,FALSE,TRUE,unlikely
28,'03/26/2020 08:37',m5dn.8xlarge,32,3.1,131072,0,FALSE,FALSE,TRUE,unlikely
29,'03/26/2020 08:37',m5dn.8xlarge,32,3.1,131072,0,FALSE,FALSE,TRUE,unlikely
30,'03/26/2020 08:37',m5n.8xlarge,32,3.1,131072,0,FALSE,FALSE,TRUE,unlikely
31,'03/26/2020 08:37',m5n.8xlarge,32,3.1,131072,0,FALSE,FALSE,TRUE,unlikely
32,'03/26/2020 08:37',r4.8xlarge,32,2.3,249856,0,FALSE,FALSE,TRUE,unlikely
33,'03/26/2020 08:37',r4.8xlarge,32,2.3,249856,0,FALSE,FALSE,TRUE,unlikely
34,'03/26/2020 08:37',r5ad.8xlarge,32,2.5,262144,0,FALSE,FALSE,TRUE,unlikely
35,'03/26/2020 08:37',r5ad.8xlarge,32,2.5,262144,0,FALSE,FALSE,TRUE,unlikely
36,'03/26/2020 08:37',r5n.8xlarge,32,3.1,262144,0,FALSE,FALSE,TRUE,unlikely
37,'03/26/2020 08:37',r5n.8xlarge,32,3.1,262144,0,FALSE,FALSE,TRUE,unlikely
38,'03/26/2020 08:37',c4.xlarge,4,2.9,7680,0,TRUE,FALSE,TRUE,unlikely
39,'03/26/2020 08:37',c4.xlarge,4,2.9,7680,0,TRUE,FALSE,TRUE,unlikely
40,'03/26/2020 08:37',c5.xlarge,4,3.4,8192,0,TRUE,FALSE,TRUE,unlikely
41,'03/26/2020 08:37',c5.xlarge,4,3.4,8192,0,TRUE,FALSE,TRUE,unlikely
42,'03/26/2020 08:37',c5d.xlarge,4,3.4,8192,0,FALSE,FALSE,TRUE,unlikely
43,'03/26/2020 08:37',c5n.xlarge,4,3.4,10752,0,FALSE,FALSE,TRUE,unlikely
44,'03/26/2020 08:37',m4.xlarge,4,2.4,16384,0,TRUE,FALSE,TRUE,unlikely
45,'03/26/2020 08:37',r4.xlarge,4,2.3,31232,0,TRUE,FALSE,TRUE,unlikely
46,'03/26/2020 08:37',r5.xlarge,4,3.1,32768,0,TRUE,FALSE,TRUE,unlikely
47,'03/26/2020 08:37',r5.xlarge,4,3.1,32768,0,TRUE,FALSE,TRUE,unlikely
48,'03/26/2020 08:37',r5dn.xlarge,4,3.1,32768,0,FALSE,FALSE,TRUE,unlikely
49,'03/26/2020 08:37',t3.xlarge,4,2.5,16384,0,FALSE,TRUE,TRUE,unlikely
50,'03/26/2020 08:37',t3.xlarge,4,2.5,16384,0,FALSE,TRUE,TRUE,unlikely
51,'03/26/2020 08:37',t3a.xlarge,4,2.2,16384,0,FALSE,TRUE,TRUE,unlikely
52,'03/26/2020 08:37',c4.large,2,2.9,3840,0,TRUE,FALSE,TRUE,unlikely
53,'03/26/2020 08:37',c4.large,2,2.9,3840,0,TRUE,FALSE,TRUE,unlikely
54,'03/26/2020 08:37',c5.large,2,3.4,4096,0,TRUE,FALSE,TRUE,unlikely
55,'03/26/2020 08:37',c5.large,2,3.4,4096,0,TRUE,FALSE,TRUE,unlikely
56,'03/26/2020 08:37',c5n.large,2,3.4,5376,0,FALSE,FALSE,TRUE,unlikely
57,'03/26/2020 08:37',c5n.large,2,3.4,5376,0,FALSE,FALSE,TRUE,unlikely
58,'03/26/2020 08:37',m4.large,2,2.4,8192,0,TRUE,FALSE,TRUE,unlikely
59,'03/26/2020 08:37',m4.large,2,2.4,8192,0,TRUE,FALSE,TRUE,unlikely
60,'03/26/2020 08:37',m5a.large,2,2.5,8192,0,FALSE,FALSE,TRUE,unlikely
61,'03/26/2020 08:37',m5a.large,2,2.5,8192,0,FALSE,FALSE,TRUE,unlikely
62,'03/26/2020 08:37',r4.large,2,2.3,15616,0,TRUE,FALSE,TRUE,unlikely
63,'03/26/2020 08:37',r5.large,2,3.1,16384,0,TRUE,FALSE,TRUE,unlikely
64,'03/26/2020 08:37',r5.large,2,3.1,16384,0,TRUE,FALSE,TRUE,unlikely
65,'03/26/2020 08:37',r5a.large,2,2.5,16384,0,FALSE,FALSE,TRUE,unlikely
66,'03/26/2020 08:37',t3.large,2,2.5,8192,0,FALSE,TRUE,TRUE,unlikely
67,'03/26/2020 08:37',t3.medium,2,2.5,4096,0,FALSE,TRUE,TRUE,unlikely
68,'03/26/2020 08:37',t3.medium,2,2.5,4096,0,FALSE,TRUE,TRUE,unlikely
69,'03/26/2020 08:37',t3.micro,2,2.5,1024,0,FALSE,TRUE,TRUE,unlikely
70,'03/26/2020 08:37',t3.nano,2,2.5,512,0,FALSE,TRUE,TRUE,unlikely
71,'03/26/2020 08:37',t3.small,2,2.5,2048,0,FALSE,TRUE,TRUE,unlikely
72,'03/26/2020 08:37',t3a.large,2,2.2,8192,0,FALSE,TRUE,TRUE,unlikely
73,'03/26/2020 08:37',t3a.medium,2,2.2,4096,0,FALSE,TRUE,TRUE,unlikely
74,'03/26/2020 08:37',t3a.micro,2,2.2,1024,0,FALSE,TRUE,TRUE,unlikely
75,'03/26/2020 08:37',t3a.micro,2,2.2,1024,0,FALSE,TRUE,TRUE,unlikely
76,'03/26/2020 08:37',t3a.nano,2,2.2,512,0,FALSE,TRUE,TRUE,unlikely
77,'03/26/2020 08:37',c4.2xlarge,8,2.9,15360,0,TRUE,FALSE,TRUE,unlikely
78,'03/26/2020 08:37',c4.2xlarge,8,2.9,15360,0,TRUE,FALSE,TRUE,unlikely
79,'03/26/2020 08:37',c5.2xlarge,8,3.4,16384,0,TRUE,FALSE,TRUE,unlikely
80,'03/26/2020 08:37',c5.2xlarge,8,3.4,16384,0,TRUE,FALSE,TRUE,unlikely
81,'03/26/2020 08:37',c5d.2xlarge,8,3.4,16384,0,FALSE,FALSE,TRUE,unlikely
82,'03/26/2020 08:37',m4.2xlarge,8,2.4,32768,0,TRUE,FALSE,TRUE,unlikely
83,'03/26/2020 08:37',m4.2xlarge,8,2.4,32768,0,TRUE,FALSE,TRUE,unlikely
84,'03/26/2020 08:37',m5.2xlarge,8,3.1,32768,0,TRUE,FALSE,TRUE,unlikely
85,'03/26/2020 08:37',r4.2xlarge,8,2.3,62464,0,TRUE,FALSE,TRUE,unlikely
86,'03/26/2020 08:37',r5.2xlarge,8,3.1,65536,0,TRUE,FALSE,TRUE,unlikely
87,'03/26/2020 08:37',t3.2xlarge,8,2.5,32768,0,FALSE,TRUE,TRUE,unlikely
88,'03/26/2020 08:37',t3a.2xlarge,8,2.2,32768,0,FALSE,TRUE,TRUE,unlikely
89,'03/26/2020 08:37',c4.8xlarge,36,2.9,61440,0,TRUE,FALSE,TRUE,unlikely
90,'03/26/2020 08:37',c5.9xlarge,36,3.4,73728,0,TRUE,FALSE,TRUE,unlikely
91,'03/26/2020 08:37',c5.12xlarge,48,3.6,98304,0,TRUE,FALSE,TRUE,unlikely
92,'03/26/2020 08:37',m5a.12xlarge,48,2.5,196608,0,FALSE,FALSE,TRUE,unlikely
93,'03/26/2020 08:37',m5a.12xlarge,48,2.5,196608,0,FALSE,FALSE,TRUE,unlikely
94,'03/26/2020 08:37',m5ad.12xlarge,48,2.2,196608,0,FALSE,FALSE,TRUE,unlikely
95,'03/26/2020 08:37',m5ad.12xlarge,48,2.2,196608,0,FALSE,FALSE,TRUE,unlikely
96,'03/26/2020 08:37',m5dn.12xlarge,48,3.1,196608,0,FALSE,FALSE,TRUE,unlikely
97,'03/26/2020 08:37',m5dn.12xlarge,48,3.1,196608,0,FALSE,FALSE,TRUE,unlikely
98,'03/26/2020 08:37',r5.12xlarge,48,3.1,393216,0,FALSE,FALSE,TRUE,unlikely
99,'03/26/2020 08:37',r5ad.12xlarge,48,2.2,393216,0,FALSE,FALSE,TRUE,unlikely
100,'03/26/2020 08:37',r5ad.12xlarge,48,2.2,393216,0,FALSE,FALSE,TRUE,unlikely
101,'03/26/2020 08:37',r5n.12xlarge,48,3.1,393216,0,FALSE,FALSE,TRUE,unlikely
102,'03/26/2020 08:37',r5n.12xlarge,48,3.1,393216,0,FALSE,FALSE,TRUE,unlikely
103,'03/26/2020 08:37',c5.18xlarge,72,3.4,147456,0,TRUE,FALSE,TRUE,unlikely
104,'03/26/2020 08:37',c5.24xlarge,96,3.6,196608,0,FALSE,FALSE,TRUE,unlikely
105,'03/26/2020 08:37',m5.24xlarge,96,3.1,393216,0,FALSE,FALSE,TRUE,unlikely
106,'03/26/2020 08:37',m5a.24xlarge,96,2.5,393216,0,FALSE,FALSE,TRUE,unlikely
107,'03/26/2020 08:37',m5a.24xlarge,96,2.5,393216,0,FALSE,FALSE,TRUE,unlikely
108,'03/26/2020 08:37',m5ad.24xlarge,96,2.2,393216,0,FALSE,FALSE,TRUE,unlikely
109,'03/26/2020 08:37',m5ad.24xlarge,96,2.2,393216,0,FALSE,FALSE,TRUE,unlikely
110,'03/26/2020 08:37',m5n.24xlarge,96,3.1,393216,0,FALSE,FALSE,TRUE,unlikely
111,'03/26/2020 08:37',m5n.24xlarge,96,3.1,393216,0,FALSE,FALSE,TRUE,unlikely
112,'03/26/2020 08:37',r5ad.24xlarge,96,2.2,786432,0,FALSE,FALSE,TRUE,unlikely
113,'03/26/2020 08:37',r5ad.24xlarge,96,2.2,786432,0,FALSE,FALSE,TRUE,unlikely
114,'03/26/2020 08:37',r5n.24xlarge,96,3.1,786432,0,FALSE,FALSE,TRUE,unlikely
115,'03/26/2020 08:37',r5n.24xlarge,96,3.1,786432,0,FALSE,FALSE,TRUE,unlikely
116,'03/26/2020 08:37',m5a.16xlarge,64,2.5,262144,0,FALSE,FALSE,TRUE,unlikely
117,'03/26/2020 08:37',m5a.16xlarge,64,2.5,262144,0,FALSE,FALSE,TRUE,unlikely
118,'03/26/2020 08:37',m5d.16xlarge,64,3.1,262144,0,FALSE,FALSE,TRUE,unlikely
119,'03/26/2020 08:37',m5dn.16xlarge,64,3.1,262144,0,FALSE,FALSE,TRUE,unlikely
120,'03/26/2020 08:37',m5dn.16xlarge,64,3.1,262144,0,FALSE,FALSE,TRUE,unlikely
121,'03/26/2020 08:37',m3.large,2,2.5,7680,0,TRUE,FALSE,FALSE,unlikely
122,'03/26/2020 08:37',m3.large,2,2.5,7680,0,TRUE,FALSE,FALSE,unlikely
123,'03/26/2020 08:37',m3.medium,1,2.5,3840,0,TRUE,FALSE,FALSE,unlikely
124,'03/26/2020 08:37',m3.xlarge,4,2.5,15360,0,TRUE,FALSE,FALSE,unlikely
125,'03/26/2020 08:37',m3.xlarge,4,2.5,15360,0,TRUE,FALSE,FALSE,unlikely
126,'03/26/2020 08:37',c3.4xlarge,16,2.8,30720,0,TRUE,FALSE,FALSE,unlikely
127,'03/26/2020 08:37',c3.4xlarge,16,2.8,30720,0,TRUE,FALSE,FALSE,unlikely
128,'03/26/2020 08:37',r3.4xlarge,16,2.5,124928,0,TRUE,FALSE,FALSE,unlikely
129,'03/26/2020 08:37',r3.4xlarge,16,2.5,124928,0,TRUE,FALSE,FALSE,unlikely
130,'03/26/2020 08:37',c3.8xlarge,32,2.8,61440,0,TRUE,FALSE,FALSE,unlikely
131,'03/26/2020 08:37',c3.8xlarge,32,2.8,61440,0,TRUE,FALSE,FALSE,unlikely
132,'03/26/2020 08:37',r3.8xlarge,32,2.5,249856,0,FALSE,FALSE,FALSE,unlikely
133,'03/26/2020 08:37',r3.8xlarge,32,2.5,249856,0,FALSE,FALSE,FALSE,unlikely
134,'03/26/2020 08:37',c3.xlarge,4,2.8,7680,0,TRUE,FALSE,FALSE,unlikely
135,'03/26/2020 08:37',r3.xlarge,4,2.5,31232,0,TRUE,FALSE,FALSE,unlikely
136,'03/26/2020 08:37',r3.xlarge,4,2.5,31232,0,TRUE,FALSE,FALSE,unlikely
137,'03/26/2020 08:37',c3.large,2,2.8,3840,0,TRUE,FALSE,FALSE,unlikely
138,'03/26/2020 08:37',c3.large,2,2.8,3840,0,TRUE,FALSE,FALSE,unlikely
139,'03/26/2020 08:37',r3.large,2,2.5,15360,0,TRUE,FALSE,FALSE,unlikely
140,'03/26/2020 08:37',c3.2xlarge,8,2.8,15360,0,TRUE,FALSE,FALSE,unlikely
141,'03/26/2020 08:37',c3.2xlarge,8,2.8,15360,0,TRUE,FALSE,FALSE,unlikely
142,'03/26/2020 08:37',m3.2xlarge,8,2.5,30720,0,TRUE,FALSE,FALSE,unlikely
143,'03/26/2020 08:37',m3.2xlarge,8,2.5,30720,0,TRUE,FALSE,FALSE,unlikely
144,'03/26/2020 08:37',r3.2xlarge,8,2.5,62464,0,TRUE,FALSE,FALSE,unlikely
145,'03/26/2020 08:37',r3.2xlarge,8,2.5,62464,0,TRUE,FALSE,FALSE,unlikely
146,'03/26/2020 08:37',t2.2xlarge,8,2.3,32768,0,TRUE,TRUE,TRUE,unlikely
147,'03/26/2020 08:37',t2.micro,1,2.5,1024,0,TRUE,TRUE,TRUE,unlikely
148,'03/26/2020 08:37',t2.small,1,2.5,2048,0,TRUE,TRUE,TRUE,unlikely
149,'03/26/2020 08:37',c5.4xlarge,16,3.4,32768,0,TRUE,FALSE,TRUE,unlikely
150,'03/26/2020 08:37',c5d.4xlarge,16,3.4,32768,0,FALSE,FALSE,TRUE,unlikely
151,'03/26/2020 08:37',c5d.4xlarge,16,3.4,32768,0,FALSE,FALSE,TRUE,unlikely
152,'03/26/2020 08:37',g4dn.4xlarge,16,2.5,65536,1,FALSE,FALSE,TRUE,unlikely
153,'03/26/2020 08:37',m4.4xlarge,16,2.4,65536,0,TRUE,FALSE,TRUE,unlikely
154,'03/26/2020 08:37',m5d.4xlarge,16,3.1,65536,0,FALSE,FALSE,TRUE,unlikely
155,'03/26/2020 08:37',r5.4xlarge,16,3.1,131072,0,TRUE,FALSE,TRUE,unlikely
156,'03/26/2020 08:37',m5.8xlarge,32,3.1,131072,0,TRUE,FALSE,TRUE,unlikely
157,'03/26/2020 08:37',r5.8xlarge,32,3.1,262144,0,FALSE,FALSE,TRUE,unlikely
158,'03/26/2020 08:37',c5d.xlarge,4,3.4,8192,0,FALSE,FALSE,TRUE,unlikely
159,'03/26/2020 08:37',g4dn.xlarge,4,2.5,16384,1,FALSE,FALSE,TRUE,unlikely
160,'03/26/2020 08:37',g4dn.xlarge,4,2.5,16384,1,FALSE,FALSE,TRUE,unlikely
161,'03/26/2020 08:37',i3en.xlarge,4,3.1,32768,0,FALSE,FALSE,TRUE,unlikely
162,'03/26/2020 08:37',i3en.xlarge,4,3.1,32768,0,FALSE,FALSE,TRUE,unlikely
163,'03/26/2020 08:37',m4.xlarge,4,2.4,16384,0,TRUE,FALSE,TRUE,unlikely
164,'03/26/2020 08:37',m5.xlarge,4,3.1,16384,0,TRUE,FALSE,TRUE,unlikely
165,'03/26/2020 08:37',m5ad.xlarge,4,2.2,16384,0,FALSE,FALSE,TRUE,unlikely
166,'03/26/2020 08:37',m5d.xlarge,4,3.1,16384,0,FALSE,FALSE,TRUE,unlikely
167,'03/26/2020 08:37',m5dn.xlarge,4,3.1,16384,0,FALSE,FALSE,TRUE,unlikely
168,'03/26/2020 08:37',m5n.xlarge,4,3.1,16384,0,FALSE,FALSE,TRUE,unlikely
169,'03/26/2020 08:37',r5a.xlarge,4,2.5,32768,0,FALSE,FALSE,TRUE,unlikely
170,'03/26/2020 08:37',r5ad.xlarge,4,2.2,32768,0,FALSE,FALSE,TRUE,unlikely
171,'03/26/2020 08:37',r5d.xlarge,4,3.1,32768,0,FALSE,FALSE,TRUE,unlikely
172,'03/26/2020 08:37',r5d.xlarge,4,3.1,32768,0,FALSE,FALSE,TRUE,unlikely
173,'03/26/2020 08:37',t3a.xlarge,4,2.2,16384,0,FALSE,TRUE,TRUE,unlikely
174,'03/26/2020 08:37',c5d.large,2,3.4,4096,0,FALSE,FALSE,TRUE,unlikely
175,'03/26/2020 08:37',c5d.large,2,3.4,4096,0,FALSE,FALSE,TRUE,unlikely
176,'03/26/2020 08:37',i3en.large,2,3.1,16384,0,FALSE,FALSE,TRUE,unlikely
177,'03/26/2020 08:37',i3en.large,2,3.1,16384,0,FALSE,FALSE,TRUE,unlikely
178,'03/26/2020 08:37',m5.large,2,3.1,8192,0,TRUE,FALSE,TRUE,unlikely
179,'03/26/2020 08:37',m5.large,2,3.1,8192,0,TRUE,FALSE,TRUE,unlikely
180,'03/26/2020 08:37',m5ad.large,2,2.2,8192,0,FALSE,FALSE,TRUE,unlikely
181,'03/26/2020 08:37',m5d.large,2,3.1,8192,0,FALSE,FALSE,TRUE,unlikely
182,'03/26/2020 08:37',m5d.large,2,3.1,8192,0,FALSE,FALSE,TRUE,unlikely
183,'03/26/2020 08:37',m5dn.large,2,3.1,8192,0,FALSE,FALSE,TRUE,unlikely
184,'03/26/2020 08:37',m5dn.large,2,3.1,8192,0,FALSE,FALSE,TRUE,unlikely
185,'03/26/2020 08:37',r4.large,2,2.3,15616,0,TRUE,FALSE,TRUE,unlikely
186,'03/26/2020 08:37',r5a.large,2,2.5,16384,0,FALSE,FALSE,TRUE,unlikely
187,'03/26/2020 08:37',r5d.large,2,3.1,16384,0,FALSE,FALSE,TRUE,unlikely
188,'03/26/2020 08:37',r5dn.large,2,3.1,16384,0,FALSE,FALSE,TRUE,unlikely
189,'03/26/2020 08:37',r5n.large,2,3.1,16384,0,FALSE,FALSE,TRUE,unlikely
190,'03/26/2020 08:37',t3.large,2,2.5,8192,0,FALSE,TRUE,TRUE,unlikely
191,'03/26/2020 08:37',t3.micro,2,2.5,1024,0,FALSE,TRUE,TRUE,unlikely
192,'03/26/2020 08:37',t3.nano,2,2.5,512,0,FALSE,TRUE,TRUE,unlikely
193,'03/26/2020 08:37',t3.small,2,2.5,2048,0,FALSE,TRUE,TRUE,unlikely
194,'03/26/2020 08:37',t3a.large,2,2.2,8192,0,FALSE,TRUE,TRUE,unlikely
195,'03/26/2020 08:37',t3a.medium,2,2.2,4096,0,FALSE,TRUE,TRUE,unlikely
196,'03/26/2020 08:37',t3a.nano,2,2.2,512,0,FALSE,TRUE,TRUE,unlikely
197,'03/26/2020 08:37',t3a.small,2,2.2,2048,0,FALSE,TRUE,TRUE,unlikely
198,'03/26/2020 08:37',t3a.small,2,2.2,2048,0,FALSE,TRUE,TRUE,unlikely
199,'03/26/2020 08:37',g4dn.2xlarge,8,2.5,32768,1,FALSE,FALSE,TRUE,unlikely
200,'03/26/2020 08:37',m5.2xlarge,8,3.1,32768,0,TRUE,FALSE,TRUE,unlikely
201,'03/26/2020 08:37',m5ad.2xlarge,8,2.2,32768,0,FALSE,FALSE,TRUE,unlikely
202,'03/26/2020 08:37',m5d.2xlarge,8,3.1,32768,0,FALSE,FALSE,TRUE,unlikely
203,'03/26/2020 08:37',r4.2xlarge,8,2.3,62464,0,TRUE,FALSE,TRUE,unlikely
204,'03/26/2020 08:37',r5.2xlarge,8,3.1,65536,0,TRUE,FALSE,TRUE,unlikely
205,'03/26/2020 08:37',r5a.2xlarge,8,2.5,65536,0,FALSE,FALSE,TRUE,unlikely
206,'03/26/2020 08:37',r5n.2xlarge,8,3.1,65536,0,FALSE,FALSE,TRUE,unlikely
207,'03/26/2020 08:37',t3.2xlarge,8,2.5,32768,0,FALSE,TRUE,TRUE,unlikely
208,'03/26/2020 08:37',c5.12xlarge,48,3.6,98304,0,TRUE,FALSE,TRUE,unlikely
209,'03/26/2020 08:37',m5.12xlarge,48,3.1,196608,0,FALSE,FALSE,TRUE,unlikely
210,'03/26/2020 08:37',c5.18xlarge,72,3.4,147456,0,TRUE,FALSE,TRUE,unlikely
211,'03/26/2020 08:37',c5.24xlarge,96,3.6,196608,0,FALSE,FALSE,TRUE,unlikely
212,'03/26/2020 08:37',i3en.24xlarge,96,3.1,786432,0,FALSE,FALSE,TRUE,unlikely
213,'03/26/2020 08:37',r5.24xlarge,96,3.1,786432,0,FALSE,FALSE,TRUE,unlikely
214,'03/26/2020 08:37',r5.24xlarge,96,3.1,786432,0,FALSE,FALSE,TRUE,unlikely
215,'03/26/2020 08:37',r5dn.24xlarge,96,3.1,786432,0,FALSE,FALSE,TRUE,unlikely
216,'03/26/2020 08:37',m4.16xlarge,64,2.3,262144,0,FALSE,FALSE,TRUE,unlikely
217,'03/26/2020 08:37',m5.16xlarge,64,3.1,262144,0,FALSE,FALSE,TRUE,unlikely
218,'03/26/2020 08:37',m5n.16xlarge,64,3.1,262144,0,FALSE,FALSE,TRUE,unlikely
219,'03/26/2020 08:37',i3en.6xlarge,24,3.1,196608,0,FALSE,FALSE,TRUE,unlikely
220,'03/26/2020 08:37',m4.10xlarge,40,2.4,163840,0,FALSE,FALSE,TRUE,unlikely
221,'03/26/2020 08:37',m3.medium,1,2.5,3840,0,TRUE,FALSE,FALSE,unlikely
222,'03/26/2020 08:37',a1.2xlarge,8,2.3,16384,0,FALSE,FALSE,TRUE,likely
223,'03/26/2020 08:37',t2.2xlarge,8,2.3,32768,0,TRUE,TRUE,TRUE,likely
224,'03/26/2020 08:37',a1.4xlarge,16,2.3,32768,0,FALSE,FALSE,TRUE,likely
225,'03/26/2020 08:37',a1.large,2,2.3,4096,0,FALSE,FALSE,TRUE,likely
226,'03/26/2020 08:37',t2.large,2,2.3,8192,0,TRUE,TRUE,TRUE,likely
227,'03/26/2020 08:37',t2.medium,2,2.3,4096,0,TRUE,TRUE,TRUE,likely
228,'03/26/2020 08:37',a1.medium,1,2.3,2048,0,FALSE,FALSE,TRUE,likely
229,'03/26/2020 08:37',t1.micro,1,0,627,0,FALSE,FALSE,FALSE,likely
230,'03/26/2020 08:37',t1.micro,1,0,627,0,FALSE,FALSE,FALSE,likely
231,'03/26/2020 08:37',a1.xlarge,4,2.3,8192,0,FALSE,FALSE,TRUE,likely
232,'03/26/2020 08:37',t2.xlarge,4,2.3,16384,0,TRUE,TRUE,TRUE,likely
233,'03/26/2020 08:37',t2.xlarge,4,2.3,16384,0,TRUE,TRUE,TRUE,likely
234,'03/26/2020 08:37',m5.metal,96,3.1,393216,0,FALSE,FALSE,TRUE,likely
235,'03/26/2020 08:37',m5d.metal,96,3.1,393216,0,FALSE,FALSE,TRUE,likely
236,'03/26/2020 08:37',m5d.metal,96,3.1,393216,0,FALSE,FALSE,TRUE,likely
237,'03/26/2020 08:37',r5.metal,96,3.1,786432,0,FALSE,FALSE,TRUE,likely
238,'03/26/2020 08:37',r5.metal,96,3.1,786432,0,FALSE,FALSE,TRUE,likely
239,'03/26/2020 08:37',r5d.metal,96,3.1,786432,0,FALSE,FALSE,TRUE,likely
240,'03/26/2020 08:37',r5d.metal,96,3.1,786432,0,FALSE,FALSE,TRUE,likely
241,'03/26/2020 08:37',z1d.metal,48,4,393216,0,FALSE,FALSE,TRUE,likely
242,'03/26/2020 08:37',z1d.metal,48,4,393216,0,FALSE,FALSE,TRUE,likely
243,'03/26/2020 08:37',c5n.4xlarge,16,3.4,43008,0,FALSE,FALSE,TRUE,likely
244,'03/26/2020 08:37',c5n.4xlarge,16,3.4,43008,0,FALSE,FALSE,TRUE,likely
245,'03/26/2020 08:37',g3.4xlarge,16,2.7,124928,1,FALSE,FALSE,TRUE,likely
246,'03/26/2020 08:37',g3.4xlarge,16,2.7,124928,1,FALSE,FALSE,TRUE,likely
247,'03/26/2020 08:37',i3.4xlarge,16,2.3,124928,0,FALSE,FALSE,TRUE,likely
248,'03/26/2020 08:37',m5a.4xlarge,16,2.5,65536,0,FALSE,FALSE,TRUE,likely
249,'03/26/2020 08:37',m5ad.4xlarge,16,2.2,65536,0,FALSE,FALSE,TRUE,likely
250,'03/26/2020 08:37',m5ad.4xlarge,16,2.2,65536,0,FALSE,FALSE,TRUE,likely
251,'03/26/2020 08:37',r5a.4xlarge,16,2.5,131072,0,FALSE,FALSE,TRUE,likely
252,'03/26/2020 08:37',r5a.4xlarge,16,2.5,131072,0,FALSE,FALSE,TRUE,likely
253,'03/26/2020 08:37',r5ad.4xlarge,16,2.2,131072,0,FALSE,FALSE,TRUE,likely
254,'03/26/2020 08:37',r5ad.4xlarge,16,2.2,131072,0,FALSE,FALSE,TRUE,likely
255,'03/26/2020 08:37',r5d.4xlarge,16,3.1,131072,0,FALSE,FALSE,TRUE,likely
256,'03/26/2020 08:37',r5d.4xlarge,16,3.1,131072,0,FALSE,FALSE,TRUE,likely
257,'03/26/2020 08:37',x1e.4xlarge,16,2.3,499712,0,FALSE,FALSE,TRUE,likely
258,'03/26/2020 08:37',x1e.4xlarge,16,2.3,499712,0,FALSE,FALSE,TRUE,likely
259,'03/26/2020 08:37',g3.8xlarge,32,2.7,249856,2,FALSE,FALSE,TRUE,likely
260,'03/26/2020 08:37',g3.8xlarge,32,2.7,249856,2,FALSE,FALSE,TRUE,likely
261,'03/26/2020 08:37',i3.8xlarge,32,2.3,249856,0,FALSE,FALSE,TRUE,likely
262,'03/26/2020 08:37',m5a.8xlarge,32,2.5,131072,0,FALSE,FALSE,TRUE,likely
263,'03/26/2020 08:37',m5d.8xlarge,32,3.1,131072,0,FALSE,FALSE,TRUE,likely
264,'03/26/2020 08:37',m5d.8xlarge,32,3.1,131072,0,FALSE,FALSE,TRUE,likely
265,'03/26/2020 08:37',p2.8xlarge,32,2.7,499712,8,FALSE,FALSE,TRUE,likely
266,'03/26/2020 08:37',r5.8xlarge,32,3.1,262144,0,FALSE,FALSE,TRUE,likely
267,'03/26/2020 08:37',r5a.8xlarge,32,2.5,262144,0,FALSE,FALSE,TRUE,likely
268,'03/26/2020 08:37',r5a.8xlarge,32,2.5,262144,0,FALSE,FALSE,TRUE,likely
269,'03/26/2020 08:37',r5d.8xlarge,32,3.1,262144,0,FALSE,FALSE,TRUE,likely
270,'03/26/2020 08:37',r5d.8xlarge,32,3.1,262144,0,FALSE,FALSE,TRUE,likely
271,'03/26/2020 08:37',r5dn.8xlarge,32,3.1,262144,0,FALSE,FALSE,TRUE,likely
272,'03/26/2020 08:37',r5dn.8xlarge,32,3.1,262144,0,FALSE,FALSE,TRUE,likely
273,'03/26/2020 08:37',x1e.8xlarge,32,2.3,999424,0,FALSE,FALSE,TRUE,likely
274,'03/26/2020 08:37',x1e.8xlarge,32,2.3,999424,0,FALSE,FALSE,TRUE,likely
275,'03/26/2020 08:37',i3.xlarge,4,2.3,31232,0,FALSE,FALSE,TRUE,likely
276,'03/26/2020 08:37',p2.xlarge,4,2.7,62464,1,FALSE,FALSE,TRUE,likely
277,'03/26/2020 08:37',p2.xlarge,4,2.7,62464,1,FALSE,FALSE,TRUE,likely
278,'03/26/2020 08:37',r4.xlarge,4,2.3,31232,0,TRUE,FALSE,TRUE,likely
279,'03/26/2020 08:37',r5n.xlarge,4,3.1,32768,0,FALSE,FALSE,TRUE,likely
280,'03/26/2020 08:37',x1e.xlarge,4,2.3,124928,0,FALSE,FALSE,TRUE,likely
281,'03/26/2020 08:37',x1e.xlarge,4,2.3,124928,0,FALSE,FALSE,TRUE,likely
282,'03/26/2020 08:37',z1d.xlarge,4,4,32768,0,FALSE,FALSE,TRUE,likely
283,'03/26/2020 08:37',z1d.xlarge,4,4,32768,0,FALSE,FALSE,TRUE,likely
284,'03/26/2020 08:37',i3.large,2,2.3,15616,0,FALSE,FALSE,TRUE,likely
285,'03/26/2020 08:37',z1d.large,2,4,16384,0,FALSE,FALSE,TRUE,likely
286,'03/26/2020 08:37',z1d.large,2,4,16384,0,FALSE,FALSE,TRUE,likely
287,'03/26/2020 08:37',c5n.2xlarge,8,3.4,21504,0,FALSE,FALSE,TRUE,likely
288,'03/26/2020 08:37',c5n.2xlarge,8,3.4,21504,0,FALSE,FALSE,TRUE,likely
289,'03/26/2020 08:37',i3.2xlarge,8,2.3,62464,0,FALSE,FALSE,TRUE,likely
290,'03/26/2020 08:37',i3en.2xlarge,8,3.1,65536,0,FALSE,FALSE,TRUE,likely
291,'03/26/2020 08:37',i3en.2xlarge,8,3.1,65536,0,FALSE,FALSE,TRUE,likely
292,'03/26/2020 08:37',m5a.2xlarge,8,2.5,32768,0,FALSE,FALSE,TRUE,likely
293,'03/26/2020 08:37',m5a.2xlarge,8,2.5,32768,0,FALSE,FALSE,TRUE,likely
294,'03/26/2020 08:37',m5ad.2xlarge,8,2.2,32768,0,FALSE,FALSE,TRUE,likely
295,'03/26/2020 08:37',m5dn.2xlarge,8,3.1,32768,0,FALSE,FALSE,TRUE,likely
296,'03/26/2020 08:37',m5dn.2xlarge,8,3.1,32768,0,FALSE,FALSE,TRUE,likely
297,'03/26/2020 08:37',m5n.2xlarge,8,3.1,32768,0,FALSE,FALSE,TRUE,likely
298,'03/26/2020 08:37',m5n.2xlarge,8,3.1,32768,0,FALSE,FALSE,TRUE,likely
299,'03/26/2020 08:37',p3.2xlarge,8,2.7,62464,1,FALSE,FALSE,TRUE,likely
300,'03/26/2020 08:37',r5a.2xlarge,8,2.5,65536,0,FALSE,FALSE,TRUE,likely
301,'03/26/2020 08:37',r5d.2xlarge,8,3.1,65536,0,FALSE,FALSE,TRUE,likely
302,'03/26/2020 08:37',r5dn.2xlarge,8,3.1,65536,0,FALSE,FALSE,TRUE,likely
303,'03/26/2020 08:37',x1e.2xlarge,8,2.3,249856,0,FALSE,FALSE,TRUE,likely
304,'03/26/2020 08:37',x1e.2xlarge,8,2.3,249856,0,FALSE,FALSE,TRUE,likely
305,'03/26/2020 08:37',z1d.2xlarge,8,4,65536,0,FALSE,FALSE,TRUE,likely
306,'03/26/2020 08:37',z1d.2xlarge,8,4,65536,0,FALSE,FALSE,TRUE,likely
307,'03/26/2020 08:37',c4.8xlarge,36,2.9,61440,0,TRUE,FALSE,TRUE,likely
308,'03/26/2020 08:37',c5d.9xlarge,36,3.4,73728,0,FALSE,FALSE,TRUE,likely
309,'03/26/2020 08:37',c5d.9xlarge,36,3.4,73728,0,FALSE,FALSE,TRUE,likely
310,'03/26/2020 08:37',c5n.9xlarge,36,3.4,98304,0,FALSE,FALSE,TRUE,likely
311,'03/26/2020 08:37',c5d.12xlarge,48,3.6,98304,0,FALSE,FALSE,TRUE,likely
312,'03/26/2020 08:37',c5d.12xlarge,48,3.6,98304,0,FALSE,FALSE,TRUE,likely
313,'03/26/2020 08:37',g4dn.12xlarge,48,2.5,196608,4,FALSE,FALSE,TRUE,likely
314,'03/26/2020 08:37',i3en.12xlarge,48,3.1,393216,0,FALSE,FALSE,TRUE,likely
315,'03/26/2020 08:37',i3en.12xlarge,48,3.1,393216,0,FALSE,FALSE,TRUE,likely
316,'03/26/2020 08:37',m5d.12xlarge,48,3.1,196608,0,FALSE,FALSE,TRUE,likely
317,'03/26/2020 08:37',m5d.12xlarge,48,3.1,196608,0,FALSE,FALSE,TRUE,likely
318,'03/26/2020 08:37',m5n.12xlarge,48,3.1,196608,0,FALSE,FALSE,TRUE,likely
319,'03/26/2020 08:37',m5n.12xlarge,48,3.1,196608,0,FALSE,FALSE,TRUE,likely
320,'03/26/2020 08:37',r5d.12xlarge,48,3.1,393216,0,FALSE,FALSE,TRUE,likely
321,'03/26/2020 08:37',r5d.12xlarge,48,3.1,393216,0,FALSE,FALSE,TRUE,likely
322,'03/26/2020 08:37',r5dn.12xlarge,48,3.1,393216,0,FALSE,FALSE,TRUE,likely
323,'03/26/2020 08:37',r5dn.12xlarge,48,3.1,393216,0,FALSE,FALSE,TRUE,likely
324,'03/26/2020 08:37',z1d.12xlarge,48,4,393216,0,FALSE,FALSE,TRUE,likely
325,'03/26/2020 08:37',z1d.12xlarge,48,4,393216,0,FALSE,FALSE,TRUE,likely
326,'03/26/2020 08:37',c5d.18xlarge,72,3.4,147456,0,FALSE,FALSE,TRUE,likely
327,'03/26/2020 08:37',c5n.18xlarge,72,3.4,196608,0,FALSE,FALSE,TRUE,likely
328,'03/26/2020 08:37',c5n.18xlarge,72,3.4,196608,0,FALSE,FALSE,TRUE,likely
329,'03/26/2020 08:37',c5d.24xlarge,96,3.6,196608,0,FALSE,FALSE,TRUE,likely
330,'03/26/2020 08:37',c5d.24xlarge,96,3.6,196608,0,FALSE,FALSE,TRUE,likely
331,'03/26/2020 08:37',m5d.24xlarge,96,3.1,393216,0,FALSE,FALSE,TRUE,likely
332,'03/26/2020 08:37',m5dn.24xlarge,96,3.1,393216,0,FALSE,FALSE,TRUE,likely
333,'03/26/2020 08:37',m5dn.24xlarge,96,3.1,393216,0,FALSE,FALSE,TRUE,likely
334,'03/26/2020 08:37',g3.16xlarge,64,2.3,499712,4,FALSE,FALSE,TRUE,likely
335,'03/26/2020 08:37',g3.16xlarge,64,2.3,499712,4,FALSE,FALSE,TRUE,likely
336,'03/26/2020 08:37',m5ad.16xlarge,64,2.5,262144,0,FALSE,FALSE,TRUE,likely
337,'03/26/2020 08:37',m5d.16xlarge,64,3.1,262144,0,FALSE,FALSE,TRUE,likely
338,'03/26/2020 08:37',m5n.16xlarge,64,3.1,262144,0,FALSE,FALSE,TRUE,likely
339,'03/26/2020 08:37',p2.16xlarge,64,2.3,749568,16,FALSE,FALSE,TRUE,likely
340,'03/26/2020 08:37',p3.16xlarge,64,2.7,499712,8,FALSE,FALSE,TRUE,likely
341,'03/26/2020 08:37',r5.16xlarge,64,3.1,524288,0,FALSE,FALSE,TRUE,likely
342,'03/26/2020 08:37',r5a.16xlarge,64,2.5,524288,0,FALSE,FALSE,TRUE,likely
343,'03/26/2020 08:37',r5a.16xlarge,64,2.5,524288,0,FALSE,FALSE,TRUE,likely
344,'03/26/2020 08:37',r5ad.16xlarge,64,2.5,524288,0,FALSE,FALSE,TRUE,likely
345,'03/26/2020 08:37',r5d.16xlarge,64,3.1,524288,0,FALSE,FALSE,TRUE,likely
346,'03/26/2020 08:37',r5d.16xlarge,64,3.1,524288,0,FALSE,FALSE,TRUE,likely
347,'03/26/2020 08:37',r5dn.16xlarge,64,3.1,524288,0,FALSE,FALSE,TRUE,likely
348,'03/26/2020 08:37',r5n.16xlarge,64,3.1,524288,0,FALSE,FALSE,TRUE,likely
349,'03/26/2020 08:37',r5n.16xlarge,64,3.1,524288,0,FALSE,FALSE,TRUE,likely
350,'03/26/2020 08:37',x1e.16xlarge,64,2.3,1998848,0,FALSE,FALSE,TRUE,likely
351,'03/26/2020 08:37',x1e.16xlarge,64,2.3,1998848,0,FALSE,FALSE,TRUE,likely
352,'03/26/2020 08:37',z1d.3xlarge,12,4,98304,0,FALSE,FALSE,TRUE,likely
353,'03/26/2020 08:37',z1d.3xlarge,12,4,98304,0,FALSE,FALSE,TRUE,likely
354,'03/26/2020 08:37',i3en.6xlarge,24,3.1,196608,0,FALSE,FALSE,TRUE,likely
355,'03/26/2020 08:37',z1d.6xlarge,24,4,196608,0,FALSE,FALSE,TRUE,likely
356,'03/26/2020 08:37',z1d.6xlarge,24,4,196608,0,FALSE,FALSE,TRUE,likely
357,'03/26/2020 08:37',x1e.32xlarge,128,2.3,3997696,0,FALSE,FALSE,TRUE,likely
358,'03/26/2020 08:37',x1e.32xlarge,128,2.3,3997696,0,FALSE,FALSE,TRUE,likely
359,'03/26/2020 08:37',c1.xlarge,8,0,7168,0,FALSE,FALSE,FALSE,likely
360,'03/26/2020 08:37',c1.medium,2,0,1740,0,FALSE,FALSE,FALSE,likely
361,'03/26/2020 08:37',m1.large,2,0,7680,0,FALSE,FALSE,FALSE,likely
362,'03/26/2020 08:37',m1.large,2,0,7680,0,FALSE,FALSE,FALSE,likely
363,'03/26/2020 08:37',m2.xlarge,2,0,17510,0,FALSE,FALSE,FALSE,likely
364,'03/26/2020 08:37',m1.medium,1,0,3788,0,FALSE,FALSE,FALSE,likely
365,'03/26/2020 08:37',m1.small,1,0,1740,0,FALSE,FALSE,FALSE,likely
366,'03/26/2020 08:37',m1.small,1,0,1740,0,FALSE,FALSE,FALSE,likely
367,'03/26/2020 08:37',m1.xlarge,4,0,15360,0,FALSE,FALSE,FALSE,likely
368,'03/26/2020 08:37',m2.2xlarge,4,0,35020,0,FALSE,FALSE,FALSE,likely
369,'03/26/2020 08:37',d2.4xlarge,16,2.4,124928,0,FALSE,FALSE,TRUE,likely
370,'03/26/2020 08:37',d2.4xlarge,16,2.4,124928,0,FALSE,FALSE,TRUE,likely
371,'03/26/2020 08:37',i2.4xlarge,16,2.5,124928,0,FALSE,FALSE,FALSE,likely
372,'03/26/2020 08:37',i2.4xlarge,16,2.5,124928,0,FALSE,FALSE,FALSE,likely
373,'03/26/2020 08:37',i2.8xlarge,32,2.5,249856,0,FALSE,FALSE,FALSE,likely
374,'03/26/2020 08:37',i2.8xlarge,32,2.5,249856,0,FALSE,FALSE,FALSE,likely
375,'03/26/2020 08:37',d2.xlarge,4,2.4,31232,0,FALSE,FALSE,TRUE,likely
376,'03/26/2020 08:37',d2.xlarge,4,2.4,31232,0,FALSE,FALSE,TRUE,likely
377,'03/26/2020 08:37',i2.xlarge,4,2.5,31232,0,FALSE,FALSE,FALSE,likely
378,'03/26/2020 08:37',i2.xlarge,4,2.5,31232,0,FALSE,FALSE,FALSE,likely
379,'03/26/2020 08:37',r3.large,2,2.5,15360,0,TRUE,FALSE,FALSE,likely
380,'03/26/2020 08:37',d2.2xlarge,8,2.4,62464,0,FALSE,FALSE,TRUE,likely
381,'03/26/2020 08:37',d2.2xlarge,8,2.4,62464,0,FALSE,FALSE,TRUE,likely
382,'03/26/2020 08:37',g2.2xlarge,8,2.6,15360,1,FALSE,FALSE,FALSE,likely
383,'03/26/2020 08:37',g2.2xlarge,8,2.6,15360,1,FALSE,FALSE,FALSE,likely
384,'03/26/2020 08:37',i2.2xlarge,8,2.5,62464,0,FALSE,FALSE,FALSE,likely
385,'03/26/2020 08:37',i2.2xlarge,8,2.5,62464,0,FALSE,FALSE,FALSE,likely
386,'03/26/2020 08:37',d2.8xlarge,36,2.4,249856,0,FALSE,FALSE,TRUE,likely
387,'03/26/2020 08:37',d2.8xlarge,36,2.4,249856,0,FALSE,FALSE,TRUE,likely
388,'03/26/2020 08:37',x1.16xlarge,64,2.3,999424,0,FALSE,FALSE,TRUE,likely
389,'03/26/2020 08:37',x1.16xlarge,64,2.3,999424,0,FALSE,FALSE,TRUE,likely
390,'03/26/2020 08:37',x1.32xlarge,128,2.3,1998848,0,FALSE,FALSE,TRUE,likely
391,'03/26/2020 08:37',x1.32xlarge,128,2.3,1998848,0,FALSE,FALSE,TRUE,likely
392,'03/26/2020 08:37',c5.metal,96,3.6,196608,0,FALSE,FALSE,TRUE,likely
393,'03/26/2020 08:37',g4dn.4xlarge,16,2.5,65536,1,FALSE,FALSE,TRUE,likely
394,'03/26/2020 08:37',c5n.xlarge,4,3.4,10752,0,FALSE,FALSE,TRUE,likely
395,'03/26/2020 08:37',m5ad.xlarge,4,2.2,16384,0,FALSE,FALSE,TRUE,likely
396,'03/26/2020 08:37',m5d.xlarge,4,3.1,16384,0,FALSE,FALSE,TRUE,likely
397,'03/26/2020 08:37',m5dn.xlarge,4,3.1,16384,0,FALSE,FALSE,TRUE,likely
398,'03/26/2020 08:37',m5n.xlarge,4,3.1,16384,0,FALSE,FALSE,TRUE,likely
399,'03/26/2020 08:37',r5a.xlarge,4,2.5,32768,0,FALSE,FALSE,TRUE,likely
400,'03/26/2020 08:37',r5ad.xlarge,4,2.2,32768,0,FALSE,FALSE,TRUE,likely
401,'03/26/2020 08:37',m5ad.large,2,2.2,8192,0,FALSE,FALSE,TRUE,likely
402,'03/26/2020 08:37',m5n.large,2,3.1,8192,0,FALSE,FALSE,TRUE,likely
403,'03/26/2020 08:37',m5n.large,2,3.1,8192,0,FALSE,FALSE,TRUE,likely
404,'03/26/2020 08:37',r5ad.large,2,2.2,16384,0,FALSE,FALSE,TRUE,likely
405,'03/26/2020 08:37',r5ad.large,2,2.2,16384,0,FALSE,FALSE,TRUE,likely
406,'03/26/2020 08:37',r5d.large,2,3.1,16384,0,FALSE,FALSE,TRUE,likely
407,'03/26/2020 08:37',r5dn.large,2,3.1,16384,0,FALSE,FALSE,TRUE,likely
408,'03/26/2020 08:37',r5n.large,2,3.1,16384,0,FALSE,FALSE,TRUE,likely
409,'03/26/2020 08:37',c5d.2xlarge,8,3.4,16384,0,FALSE,FALSE,TRUE,likely
410,'03/26/2020 08:37',g4dn.2xlarge,8,2.5,32768,1,FALSE,FALSE,TRUE,likely
411,'03/26/2020 08:37',m5d.2xlarge,8,3.1,32768,0,FALSE,FALSE,TRUE,likely
412,'03/26/2020 08:37',r5ad.2xlarge,8,2.2,65536,0,FALSE,FALSE,TRUE,likely
413,'03/26/2020 08:37',r5d.2xlarge,8,3.1,65536,0,FALSE,FALSE,TRUE,likely
414,'03/26/2020 08:37',c5.9xlarge,36,3.4,73728,0,TRUE,FALSE,TRUE,likely
415,'03/26/2020 08:37',c5n.9xlarge,36,3.4,98304,0,FALSE,FALSE,TRUE,likely
416,'03/26/2020 08:37',g4dn.12xlarge,48,2.5,196608,4,FALSE,FALSE,TRUE,likely
417,'03/26/2020 08:37',m5.12xlarge,48,3.1,196608,0,FALSE,FALSE,TRUE,likely
418,'03/26/2020 08:37',r5.12xlarge,48,3.1,393216,0,FALSE,FALSE,TRUE,likely
419,'03/26/2020 08:37',r5d.24xlarge,96,3.1,786432,0,FALSE,FALSE,TRUE,likely
420,'03/26/2020 08:37',r5dn.24xlarge,96,3.1,786432,0,FALSE,FALSE,TRUE,likely
421,'03/26/2020 08:37',g4dn.16xlarge,64,2.5,262144,1,FALSE,FALSE,TRUE,likely
422,'03/26/2020 08:37',m4.16xlarge,64,2.3,262144,0,FALSE,FALSE,TRUE,likely
423,'03/26/2020 08:37',m5.16xlarge,64,3.1,262144,0,FALSE,FALSE,TRUE,likely
424,'03/26/2020 08:37',m5ad.16xlarge,64,2.5,262144,0,FALSE,FALSE,TRUE,likely
425,'03/26/2020 08:37',r4.16xlarge,64,2.3,499712,0,FALSE,FALSE,TRUE,likely
426,'03/26/2020 08:37',r5ad.16xlarge,64,2.5,524288,0,FALSE,FALSE,TRUE,likely
427,'03/26/2020 08:37',r5dn.16xlarge,64,3.1,524288,0,FALSE,FALSE,TRUE,likely
428,'03/26/2020 08:37',i3en.3xlarge,12,3.1,98304,0,FALSE,FALSE,TRUE,likely
429,'03/26/2020 08:37',c3.xlarge,4,2.8,7680,0,TRUE,FALSE,FALSE,likely
430,'03/26/2020 08:37',t2.large,2,2.3,8192,0,TRUE,TRUE,TRUE,likely
431,'03/26/2020 08:37',c5.metal,96,3.6,196608,0,FALSE,FALSE,TRUE,likely
432,'03/26/2020 08:37',m5.metal,96,3.1,393216,0,FALSE,FALSE,TRUE,likely
433,'03/26/2020 08:37',m5a.4xlarge,16,2.5,65536,0,FALSE,FALSE,TRUE,likely
434,'03/26/2020 08:37',m5d.4xlarge,16,3.1,65536,0,FALSE,FALSE,TRUE,likely
435,'03/26/2020 08:37',m5n.4xlarge,16,3.1,65536,0,FALSE,FALSE,TRUE,likely
436,'03/26/2020 08:37',m5n.4xlarge,16,3.1,65536,0,FALSE,FALSE,TRUE,likely
437,'03/26/2020 08:37',g4dn.8xlarge,32,2.5,131072,1,FALSE,FALSE,TRUE,likely
438,'03/26/2020 08:37',g4dn.8xlarge,32,2.5,131072,1,FALSE,FALSE,TRUE,likely
439,'03/26/2020 08:37',m5.xlarge,4,3.1,16384,0,TRUE,FALSE,TRUE,likely
440,'03/26/2020 08:37',m5a.xlarge,4,2.5,16384,0,FALSE,FALSE,TRUE,likely
441,'03/26/2020 08:37',m5a.xlarge,4,2.5,16384,0,FALSE,FALSE,TRUE,likely
442,'03/26/2020 08:37',r5dn.xlarge,4,3.1,32768,0,FALSE,FALSE,TRUE,likely
443,'03/26/2020 08:37',r5n.xlarge,4,3.1,32768,0,FALSE,FALSE,TRUE,likely
444,'03/26/2020 08:37',r5ad.2xlarge,8,2.2,65536,0,FALSE,FALSE,TRUE,likely
445,'03/26/2020 08:37',r5dn.2xlarge,8,3.1,65536,0,FALSE,FALSE,TRUE,likely
446,'03/26/2020 08:37',r5n.2xlarge,8,3.1,65536,0,FALSE,FALSE,TRUE,likely
447,'03/26/2020 08:37',t3a.2xlarge,8,2.2,32768,0,FALSE,TRUE,TRUE,likely
448,'03/26/2020 08:37',r5a.12xlarge,48,2.5,393216,0,FALSE,FALSE,TRUE,likely
449,'03/26/2020 08:37',r5a.12xlarge,48,2.5,393216,0,FALSE,FALSE,TRUE,likely
450,'03/26/2020 08:37',c5d.18xlarge,72,3.4,147456,0,FALSE,FALSE,TRUE,likely
451,'03/26/2020 08:37',i3en.24xlarge,96,3.1,786432,0,FALSE,FALSE,TRUE,likely
452,'03/26/2020 08:37',m5.24xlarge,96,3.1,393216,0,FALSE,FALSE,TRUE,likely
453,'03/26/2020 08:37',m5d.24xlarge,96,3.1,393216,0,FALSE,FALSE,TRUE,likely
454,'03/26/2020 08:37',r5a.24xlarge,96,2.5,786432,0,FALSE,FALSE,TRUE,likely
455,'03/26/2020 08:37',r5a.24xlarge,96,2.5,786432,0,FALSE,FALSE,TRUE,likely
456,'03/26/2020 08:37',r5d.24xlarge,96,3.1,786432,0,FALSE,FALSE,TRUE,likely
457,'03/26/2020 08:37',g4dn.16xlarge,64,2.5,262144,1,FALSE,FALSE,TRUE,likely
458,'03/26/2020 08:37',r4.16xlarge,64,2.3,499712,0,FALSE,FALSE,TRUE,likely
459,'03/26/2020 08:37',r5.16xlarge,64,3.1,524288,0,FALSE,FALSE,TRUE,likely
460,'03/26/2020 08:37',i3en.3xlarge,12,3.1,98304,0,FALSE,FALSE,TRUE,likely
461,'03/26/2020 08:37',m4.10xlarge,40,2.4,163840,0,FALSE,FALSE,TRUE,likely
